<?xml version="1.0" encoding="UTF-8" standalone="yes"?>
<Project xmlns="http://schemas.microsoft.com/project">
    <SaveVersion>9</SaveVersion>
    <Title>Project1</Title>
    <ScheduleFromStart>1</ScheduleFromStart>
    <StartDate>2017-12-16T08:00:00</StartDate>
    <FinishDate>2018-05-28T17:00:00</FinishDate>
    <FYStartDate>1</FYStartDate>
    <CriticalSlackLimit>0</CriticalSlackLimit>
    <CurrencyDigits>2</CurrencyDigits>
    <CurrencySymbol>$</CurrencySymbol>
    <CurrencySymbolPosition>0</CurrencySymbolPosition>
    <CalendarUID>1</CalendarUID>
    <DefaultStartTime>08:00:00</DefaultStartTime>
    <MinutesPerDay>480</MinutesPerDay>
    <MinutesPerWeek>2400</MinutesPerWeek>
    <DaysPerMonth>20</DaysPerMonth>
    <DefaultTaskType>0</DefaultTaskType>
    <DefaultFixedCostAccrual>2</DefaultFixedCostAccrual>
    <DefaultStandardRate>10</DefaultStandardRate>
    <DefaultOvertimeRate>15</DefaultOvertimeRate>
    <DurationFormat>7</DurationFormat>
    <WorkFormat>2</WorkFormat>
    <EditableActualCosts>0</EditableActualCosts>
    <HonorConstraints>0</HonorConstraints>
    <EarnedValueMethod>0</EarnedValueMethod>
    <InsertedProjectsLikeSummary>0</InsertedProjectsLikeSummary>
    <MultipleCriticalPaths>0</MultipleCriticalPaths>
    <NewTasksEffortDriven>0</NewTasksEffortDriven>
    <NewTasksEstimated>1</NewTasksEstimated>
    <SplitsInProgressTasks>0</SplitsInProgressTasks>
    <SpreadActualCost>0</SpreadActualCost>
    <SpreadPercentComplete>0</SpreadPercentComplete>
    <TaskUpdatesResource>1</TaskUpdatesResource>
    <FiscalYearStart>0</FiscalYearStart>
    <WeekStartDay>1</WeekStartDay>
    <MoveCompletedEndsBack>0</MoveCompletedEndsBack>
    <MoveRemainingStartsBack>0</MoveRemainingStartsBack>
    <MoveRemainingStartsForward>0</MoveRemainingStartsForward>
    <MoveCompletedEndsForward>0</MoveCompletedEndsForward>
    <BaselineForEarnedValue>0</BaselineForEarnedValue>
    <AutoAddNewResourcesAndTasks>1</AutoAddNewResourcesAndTasks>
    <CurrentDate>2018-02-17T06:07:00</CurrentDate>
    <MicrosoftProjectServerURL>1</MicrosoftProjectServerURL>
    <Autolink>1</Autolink>
    <NewTaskStartDate>0</NewTaskStartDate>
    <DefaultTaskEVMethod>0</DefaultTaskEVMethod>
    <ProjectExternallyEdited>0</ProjectExternallyEdited>
    <ActualsInSync>0</ActualsInSync>
    <RemoveFileProperties>0</RemoveFileProperties>
    <AdminProject>0</AdminProject>
    <ExtendedAttributes/>
    <Calendars>
        <Calendar>
            <UID>1</UID>
            <Name>Standard</Name>
            <IsBaseCalendar>1</IsBaseCalendar>
            <WeekDays>
                <WeekDay>
                    <DayType>1</DayType>
                    <DayWorking>1</DayWorking>
                    <WorkingTimes>
                        <WorkingTime>
                            <FromTime>08:00:00</FromTime>
                            <ToTime>12:00:00</ToTime>
                        </WorkingTime>
                        <WorkingTime>
                            <FromTime>13:00:00</FromTime>
                            <ToTime>17:00:00</ToTime>
                        </WorkingTime>
                    </WorkingTimes>
                </WeekDay>
                <WeekDay>
                    <DayType>2</DayType>
                    <DayWorking>1</DayWorking>
                    <WorkingTimes>
                        <WorkingTime>
                            <FromTime>08:00:00</FromTime>
                            <ToTime>12:00:00</ToTime>
                        </WorkingTime>
                        <WorkingTime>
                            <FromTime>13:00:00</FromTime>
                            <ToTime>17:00:00</ToTime>
                        </WorkingTime>
                    </WorkingTimes>
                </WeekDay>
                <WeekDay>
                    <DayType>3</DayType>
                    <DayWorking>1</DayWorking>
                    <WorkingTimes>
                        <WorkingTime>
                            <FromTime>08:00:00</FromTime>
                            <ToTime>12:00:00</ToTime>
                        </WorkingTime>
                        <WorkingTime>
                            <FromTime>13:00:00</FromTime>
                            <ToTime>17:00:00</ToTime>
                        </WorkingTime>
                    </WorkingTimes>
                </WeekDay>
                <WeekDay>
                    <DayType>4</DayType>
                    <DayWorking>1</DayWorking>
                    <WorkingTimes>
                        <WorkingTime>
                            <FromTime>08:00:00</FromTime>
                            <ToTime>12:00:00</ToTime>
                        </WorkingTime>
                        <WorkingTime>
                            <FromTime>13:00:00</FromTime>
                            <ToTime>17:00:00</ToTime>
                        </WorkingTime>
                    </WorkingTimes>
                </WeekDay>
                <WeekDay>
                    <DayType>5</DayType>
                    <DayWorking>1</DayWorking>
                    <WorkingTimes>
                        <WorkingTime>
                            <FromTime>08:00:00</FromTime>
                            <ToTime>12:00:00</ToTime>
                        </WorkingTime>
                        <WorkingTime>
                            <FromTime>13:00:00</FromTime>
                            <ToTime>17:00:00</ToTime>
                        </WorkingTime>
                    </WorkingTimes>
                </WeekDay>
                <WeekDay>
                    <DayType>6</DayType>
                    <DayWorking>1</DayWorking>
                    <WorkingTimes>
                        <WorkingTime>
                            <FromTime>08:00:00</FromTime>
                            <ToTime>12:00:00</ToTime>
                        </WorkingTime>
                        <WorkingTime>
                            <FromTime>13:00:00</FromTime>
                            <ToTime>17:00:00</ToTime>
                        </WorkingTime>
                    </WorkingTimes>
                </WeekDay>
                <WeekDay>
                    <DayType>7</DayType>
                    <DayWorking>1</DayWorking>
                    <WorkingTimes>
                        <WorkingTime>
                            <FromTime>08:00:00</FromTime>
                            <ToTime>12:00:00</ToTime>
                        </WorkingTime>
                        <WorkingTime>
                            <FromTime>13:00:00</FromTime>
                            <ToTime>17:00:00</ToTime>
                        </WorkingTime>
                    </WorkingTimes>
                </WeekDay>
                <WeekDay>
                    <DayType>0</DayType>
                    <DayWorking>0</DayWorking>
                    <TimePeriod>
                        <FromDate>2017-12-23T00:00:00</FromDate>
                        <ToDate>2017-12-23T23:59:00</ToDate>
                    </TimePeriod>
                </WeekDay>
                <WeekDay>
                    <DayType>0</DayType>
                    <DayWorking>0</DayWorking>
                    <TimePeriod>
                        <FromDate>2017-12-24T00:00:00</FromDate>
                        <ToDate>2017-12-24T23:59:00</ToDate>
                    </TimePeriod>
                </WeekDay>
                <WeekDay>
                    <DayType>0</DayType>
                    <DayWorking>0</DayWorking>
                    <TimePeriod>
                        <FromDate>2017-12-25T00:00:00</FromDate>
                        <ToDate>2017-12-25T23:59:00</ToDate>
                    </TimePeriod>
                </WeekDay>
                <WeekDay>
                    <DayType>0</DayType>
                    <DayWorking>0</DayWorking>
                    <TimePeriod>
                        <FromDate>2017-12-26T00:00:00</FromDate>
                        <ToDate>2017-12-26T23:59:00</ToDate>
                    </TimePeriod>
                </WeekDay>
                <WeekDay>
                    <DayType>0</DayType>
                    <DayWorking>0</DayWorking>
                    <TimePeriod>
                        <FromDate>2017-12-27T00:00:00</FromDate>
                        <ToDate>2017-12-27T23:59:00</ToDate>
                    </TimePeriod>
                </WeekDay>
                <WeekDay>
                    <DayType>0</DayType>
                    <DayWorking>0</DayWorking>
                    <TimePeriod>
                        <FromDate>2017-12-28T00:00:00</FromDate>
                        <ToDate>2017-12-28T23:59:00</ToDate>
                    </TimePeriod>
                </WeekDay>
                <WeekDay>
                    <DayType>0</DayType>
                    <DayWorking>0</DayWorking>
                    <TimePeriod>
                        <FromDate>2017-12-29T00:00:00</FromDate>
                        <ToDate>2017-12-29T23:59:00</ToDate>
                    </TimePeriod>
                </WeekDay>
                <WeekDay>
                    <DayType>0</DayType>
                    <DayWorking>0</DayWorking>
                    <TimePeriod>
                        <FromDate>2017-12-30T00:00:00</FromDate>
                        <ToDate>2017-12-30T23:59:00</ToDate>
                    </TimePeriod>
                </WeekDay>
                <WeekDay>
                    <DayType>0</DayType>
                    <DayWorking>0</DayWorking>
                    <TimePeriod>
                        <FromDate>2017-12-31T00:00:00</FromDate>
                        <ToDate>2017-12-31T23:59:00</ToDate>
                    </TimePeriod>
                </WeekDay>
                <WeekDay>
                    <DayType>0</DayType>
                    <DayWorking>0</DayWorking>
                    <TimePeriod>
                        <FromDate>2018-01-01T00:00:00</FromDate>
                        <ToDate>2018-01-01T23:59:00</ToDate>
                    </TimePeriod>
                </WeekDay>
                <WeekDay>
                    <DayType>0</DayType>
                    <DayWorking>0</DayWorking>
                    <TimePeriod>
                        <FromDate>2018-01-02T00:00:00</FromDate>
                        <ToDate>2018-01-02T23:59:00</ToDate>
                    </TimePeriod>
                </WeekDay>
                <WeekDay>
                    <DayType>0</DayType>
                    <DayWorking>0</DayWorking>
                    <TimePeriod>
                        <FromDate>2018-01-03T00:00:00</FromDate>
                        <ToDate>2018-01-03T23:59:00</ToDate>
                    </TimePeriod>
                </WeekDay>
                <WeekDay>
                    <DayType>0</DayType>
                    <DayWorking>0</DayWorking>
                    <TimePeriod>
                        <FromDate>2018-01-04T00:00:00</FromDate>
                        <ToDate>2018-01-04T23:59:00</ToDate>
                    </TimePeriod>
                </WeekDay>
                <WeekDay>
                    <DayType>0</DayType>
                    <DayWorking>0</DayWorking>
                    <TimePeriod>
                        <FromDate>2018-01-05T00:00:00</FromDate>
                        <ToDate>2018-01-05T23:59:00</ToDate>
                    </TimePeriod>
                </WeekDay>
                <WeekDay>
                    <DayType>0</DayType>
                    <DayWorking>0</DayWorking>
                    <TimePeriod>
                        <FromDate>2018-01-06T00:00:00</FromDate>
                        <ToDate>2018-01-06T23:59:00</ToDate>
                    </TimePeriod>
                </WeekDay>
                <WeekDay>
                    <DayType>0</DayType>
                    <DayWorking>0</DayWorking>
                    <TimePeriod>
                        <FromDate>2018-01-07T00:00:00</FromDate>
                        <ToDate>2018-01-07T23:59:00</ToDate>
                    </TimePeriod>
                </WeekDay>
                <WeekDay>
                    <DayType>0</DayType>
                    <DayWorking>0</DayWorking>
                    <TimePeriod>
                        <FromDate>2018-01-08T00:00:00</FromDate>
                        <ToDate>2018-01-08T23:59:00</ToDate>
                    </TimePeriod>
                </WeekDay>
                <WeekDay>
                    <DayType>0</DayType>
                    <DayWorking>0</DayWorking>
                    <TimePeriod>
                        <FromDate>2018-01-09T00:00:00</FromDate>
                        <ToDate>2018-01-09T23:59:00</ToDate>
                    </TimePeriod>
                </WeekDay>
                <WeekDay>
                    <DayType>0</DayType>
                    <DayWorking>0</DayWorking>
                    <TimePeriod>
                        <FromDate>2018-01-10T00:00:00</FromDate>
                        <ToDate>2018-01-10T23:59:00</ToDate>
                    </TimePeriod>
                </WeekDay>
                <WeekDay>
                    <DayType>0</DayType>
                    <DayWorking>0</DayWorking>
                    <TimePeriod>
                        <FromDate>2018-01-11T00:00:00</FromDate>
                        <ToDate>2018-01-11T23:59:00</ToDate>
                    </TimePeriod>
                </WeekDay>
                <WeekDay>
                    <DayType>0</DayType>
                    <DayWorking>0</DayWorking>
                    <TimePeriod>
                        <FromDate>2018-01-12T00:00:00</FromDate>
                        <ToDate>2018-01-12T23:59:00</ToDate>
                    </TimePeriod>
                </WeekDay>
                <WeekDay>
                    <DayType>0</DayType>
                    <DayWorking>0</DayWorking>
                    <TimePeriod>
                        <FromDate>2018-01-13T00:00:00</FromDate>
                        <ToDate>2018-01-13T23:59:00</ToDate>
                    </TimePeriod>
                </WeekDay>
                <WeekDay>
                    <DayType>0</DayType>
                    <DayWorking>0</DayWorking>
                    <TimePeriod>
                        <FromDate>2018-01-14T00:00:00</FromDate>
                        <ToDate>2018-01-14T23:59:00</ToDate>
                    </TimePeriod>
                </WeekDay>
            </WeekDays>
        </Calendar>
    </Calendars>
    <Tasks>
        <Task>
            <UID>0</UID>
            <ID>0</ID>
            <Type>0</Type>
            <IsNull>0</IsNull>
            <WBS>0</WBS>
            <OutlineNumber>0</OutlineNumber>
            <OutlineLevel>0</OutlineLevel>
            <Priority>500</Priority>
            <Start>2017-12-16T08:00:00</Start>
            <Finish>2018-05-28T17:00:00</Finish>
            <Duration>PT1312H0M0S</Duration>
            <DurationFormat>7</DurationFormat>
            <ResumeValid>0</ResumeValid>
            <EffortDriven>0</EffortDriven>
            <Recurring>0</Recurring>
            <OverAllocated>0</OverAllocated>
            <Estimated>0</Estimated>
            <Milestone>0</Milestone>
            <Summary>0</Summary>
            <Critical>1</Critical>
            <IsSubproject>0</IsSubproject>
            <IsSubprojectReadOnly>0</IsSubprojectReadOnly>
            <ExternalTask>0</ExternalTask>
            <FixedCostAccrual>3</FixedCostAccrual>
            <RemainingDuration>PT1312H0M0S</RemainingDuration>
            <ConstraintType>0</ConstraintType>
            <CalendarUID>-1</CalendarUID>
            <LevelAssignments>0</LevelAssignments>
            <LevelingCanSplit>0</LevelingCanSplit>
            <IgnoreResourceCalendar>0</IgnoreResourceCalendar>
            <HideBar>0</HideBar>
            <Rollup>0</Rollup>
            <EarnedValueMethod>0</EarnedValueMethod>
            <Active>1</Active>
            <Manual>0</Manual>
        </Task>
        <Task>
            <UID>23</UID>
            <ID>1</ID>
            <Name>première étude préalable</Name>
            <Type>0</Type>
            <IsNull>0</IsNull>
            <WBS>1</WBS>
            <OutlineNumber>1</OutlineNumber>
            <OutlineLevel>1</OutlineLevel>
            <Priority>500</Priority>
            <Start>2017-12-16T08:00:00</Start>
            <Finish>2017-12-22T17:00:00</Finish>
            <Duration>PT56H0M0S</Duration>
            <DurationFormat>7</DurationFormat>
            <ResumeValid>0</ResumeValid>
            <EffortDriven>0</EffortDriven>
            <Recurring>0</Recurring>
            <OverAllocated>0</OverAllocated>
            <Estimated>0</Estimated>
            <Milestone>0</Milestone>
            <Summary>0</Summary>
            <Critical>0</Critical>
            <IsSubproject>0</IsSubproject>
            <IsSubprojectReadOnly>0</IsSubprojectReadOnly>
            <ExternalTask>0</ExternalTask>
            <FixedCostAccrual>3</FixedCostAccrual>
            <PercentComplete>100</PercentComplete>
            <ActualDuration>PT56H0M0S</ActualDuration>
            <ConstraintType>0</ConstraintType>
            <CalendarUID>-1</CalendarUID>
            <LevelAssignments>0</LevelAssignments>
            <LevelingCanSplit>0</LevelingCanSplit>
            <Hyperlink></Hyperlink>
            <IgnoreResourceCalendar>1</IgnoreResourceCalendar>
            <HideBar>0</HideBar>
            <Rollup>0</Rollup>
            <EarnedValueMethod>0</EarnedValueMethod>
            <Active>1</Active>
            <Manual>1</Manual>
            <ManualStart>2017-12-16T08:00:00</ManualStart>
            <ManualFinish>2017-12-22T17:00:00</ManualFinish>
            <ManualDuration>PT56H0M0S</ManualDuration>
        </Task>
        <Task>
            <UID>25</UID>
            <ID>2</ID>
            <Name>seconde étude préalable (avec réunions)</Name>
            <Type>0</Type>
            <IsNull>0</IsNull>
            <WBS>2</WBS>
            <OutlineNumber>2</OutlineNumber>
            <OutlineLevel>1</OutlineLevel>
            <Priority>500</Priority>
            <Start>2018-01-15T08:00:00</Start>
            <Finish>2018-01-28T17:00:00</Finish>
            <Duration>PT112H0M0S</Duration>
            <DurationFormat>7</DurationFormat>
            <ResumeValid>0</ResumeValid>
            <EffortDriven>0</EffortDriven>
            <Recurring>0</Recurring>
            <OverAllocated>0</OverAllocated>
            <Estimated>0</Estimated>
            <Milestone>0</Milestone>
            <Summary>0</Summary>
            <Critical>0</Critical>
            <IsSubproject>0</IsSubproject>
            <IsSubprojectReadOnly>0</IsSubprojectReadOnly>
            <ExternalTask>0</ExternalTask>
            <FixedCostAccrual>3</FixedCostAccrual>
            <PercentComplete>100</PercentComplete>
            <ActualDuration>PT112H0M0S</ActualDuration>
            <ConstraintType>0</ConstraintType>
            <CalendarUID>-1</CalendarUID>
            <LevelAssignments>0</LevelAssignments>
            <LevelingCanSplit>0</LevelingCanSplit>
            <Hyperlink></Hyperlink>
            <IgnoreResourceCalendar>1</IgnoreResourceCalendar>
            <HideBar>0</HideBar>
            <Rollup>0</Rollup>
            <EarnedValueMethod>0</EarnedValueMethod>
            <PredecessorLink>
                <PredecessorUID>23</PredecessorUID>
                <Type>1</Type>
                <CrossProject>0</CrossProject>
            </PredecessorLink>
            <Active>1</Active>
            <Manual>1</Manual>
            <ManualStart>2018-01-15T08:00:00</ManualStart>
            <ManualFinish>2018-01-28T17:00:00</ManualFinish>
            <ManualDuration>PT112H0M0S</ManualDuration>
        </Task>
        <Task>
            <UID>26</UID>
            <ID>3</ID>
            <Name>Extension pour Netlogo</Name>
            <Type>0</Type>
            <IsNull>0</IsNull>
            <WBS>3</WBS>
            <OutlineNumber>3</OutlineNumber>
            <OutlineLevel>1</OutlineLevel>
            <Priority>500</Priority>
            <Start>2018-01-29T08:00:00</Start>
            <Finish>2018-04-28T17:00:00</Finish>
            <Duration>PT720H0M0S</Duration>
            <DurationFormat>7</DurationFormat>
            <ResumeValid>0</ResumeValid>
            <EffortDriven>0</EffortDriven>
            <Recurring>0</Recurring>
            <OverAllocated>0</OverAllocated>
            <Estimated>0</Estimated>
            <Milestone>0</Milestone>
            <Summary>1</Summary>
            <Critical>1</Critical>
            <IsSubproject>0</IsSubproject>
            <IsSubprojectReadOnly>0</IsSubprojectReadOnly>
            <ExternalTask>0</ExternalTask>
            <FixedCostAccrual>3</FixedCostAccrual>
            <PercentComplete>17</PercentComplete>
            <ActualDuration>PT122H24M0S</ActualDuration>
            <RemainingDuration>PT597H36M0S</RemainingDuration>
            <ConstraintType>0</ConstraintType>
            <CalendarUID>-1</CalendarUID>
            <LevelAssignments>0</LevelAssignments>
            <LevelingCanSplit>0</LevelingCanSplit>
            <Hyperlink></Hyperlink>
            <IgnoreResourceCalendar>1</IgnoreResourceCalendar>
            <HideBar>0</HideBar>
            <Rollup>0</Rollup>
            <EarnedValueMethod>0</EarnedValueMethod>
            <PredecessorLink>
                <PredecessorUID>25</PredecessorUID>
                <Type>1</Type>
                <CrossProject>0</CrossProject>
            </PredecessorLink>
            <Active>1</Active>
            <Manual>1</Manual>
            <ManualStart>2018-01-29T08:00:00</ManualStart>
            <ManualFinish>2018-04-28T17:00:00</ManualFinish>
            <ManualDuration>PT720H0M0S</ManualDuration>
        </Task>
        <Task>
            <UID>28</UID>
            <ID>4</ID>
            <Name>conception de l'extension Netlogo</Name>
            <Type>0</Type>
            <IsNull>0</IsNull>
            <WBS>3.1</WBS>
            <OutlineNumber>3.1</OutlineNumber>
            <OutlineLevel>2</OutlineLevel>
            <Priority>500</Priority>
            <Start>2018-01-29T08:00:00</Start>
            <Finish>2018-02-25T17:00:00</Finish>
            <Duration>PT224H0M0S</Duration>
            <DurationFormat>7</DurationFormat>
            <ResumeValid>0</ResumeValid>
            <EffortDriven>0</EffortDriven>
            <Recurring>0</Recurring>
            <OverAllocated>0</OverAllocated>
            <Estimated>0</Estimated>
            <Milestone>0</Milestone>
            <Summary>0</Summary>
            <Critical>1</Critical>
            <IsSubproject>0</IsSubproject>
            <IsSubprojectReadOnly>0</IsSubprojectReadOnly>
            <ExternalTask>0</ExternalTask>
            <FixedCostAccrual>3</FixedCostAccrual>
            <PercentComplete>70</PercentComplete>
            <ActualDuration>PT156H48M0S</ActualDuration>
            <RemainingDuration>PT67H11M60S</RemainingDuration>
            <ConstraintType>0</ConstraintType>
            <CalendarUID>-1</CalendarUID>
            <LevelAssignments>0</LevelAssignments>
            <LevelingCanSplit>0</LevelingCanSplit>
            <Hyperlink></Hyperlink>
            <IgnoreResourceCalendar>1</IgnoreResourceCalendar>
            <HideBar>0</HideBar>
            <Rollup>0</Rollup>
            <EarnedValueMethod>0</EarnedValueMethod>
            <Active>1</Active>
            <Manual>1</Manual>
            <ManualStart>2018-01-29T08:00:00</ManualStart>
            <ManualFinish>2018-02-25T17:00:00</ManualFinish>
            <ManualDuration>PT224H0M0S</ManualDuration>
        </Task>
        <Task>
            <UID>54</UID>
            <ID>5</ID>
            <Name>développement de l'extension</Name>
            <Type>0</Type>
            <IsNull>0</IsNull>
            <WBS>3.2</WBS>
            <OutlineNumber>3.2</OutlineNumber>
            <OutlineLevel>2</OutlineLevel>
            <Priority>500</Priority>
            <Start>2018-02-26T08:00:00</Start>
            <Finish>2018-03-25T17:00:00</Finish>
            <Duration>PT224H0M0S</Duration>
            <DurationFormat>7</DurationFormat>
            <ResumeValid>0</ResumeValid>
            <EffortDriven>0</EffortDriven>
            <Recurring>0</Recurring>
            <OverAllocated>0</OverAllocated>
            <Estimated>0</Estimated>
            <Milestone>0</Milestone>
            <Summary>0</Summary>
            <Critical>1</Critical>
            <IsSubproject>0</IsSubproject>
            <IsSubprojectReadOnly>0</IsSubprojectReadOnly>
            <ExternalTask>0</ExternalTask>
            <FixedCostAccrual>3</FixedCostAccrual>
            <PercentComplete>0</PercentComplete>
            <RemainingDuration>PT224H0M0S</RemainingDuration>
            <ConstraintType>0</ConstraintType>
            <CalendarUID>-1</CalendarUID>
            <LevelAssignments>0</LevelAssignments>
            <LevelingCanSplit>0</LevelingCanSplit>
            <Hyperlink></Hyperlink>
            <IgnoreResourceCalendar>1</IgnoreResourceCalendar>
            <HideBar>0</HideBar>
            <Rollup>0</Rollup>
            <EarnedValueMethod>0</EarnedValueMethod>
            <PredecessorLink>
                <PredecessorUID>28</PredecessorUID>
                <Type>1</Type>
                <CrossProject>0</CrossProject>
            </PredecessorLink>
            <Active>1</Active>
            <Manual>1</Manual>
            <ManualStart>2018-02-26T08:00:00</ManualStart>
            <ManualFinish>2018-03-25T17:00:00</ManualFinish>
            <ManualDuration>PT224H0M0S</ManualDuration>
        </Task>
        <Task>
            <UID>51</UID>
            <ID>6</ID>
            <Name>développement de l'interface Swing</Name>
            <Type>0</Type>
            <IsNull>0</IsNull>
            <WBS>3.3</WBS>
            <OutlineNumber>3.3</OutlineNumber>
            <OutlineLevel>2</OutlineLevel>
            <Priority>500</Priority>
            <Start>2018-02-26T08:00:00</Start>
            <Finish>2018-03-25T17:00:00</Finish>
            <Duration>PT224H0M0S</Duration>
            <DurationFormat>7</DurationFormat>
            <ResumeValid>0</ResumeValid>
            <EffortDriven>0</EffortDriven>
            <Recurring>0</Recurring>
            <OverAllocated>0</OverAllocated>
            <Estimated>0</Estimated>
            <Milestone>0</Milestone>
            <Summary>0</Summary>
            <Critical>1</Critical>
            <IsSubproject>0</IsSubproject>
            <IsSubprojectReadOnly>0</IsSubprojectReadOnly>
            <ExternalTask>0</ExternalTask>
            <FixedCostAccrual>3</FixedCostAccrual>
            <PercentComplete>0</PercentComplete>
            <RemainingDuration>PT224H0M0S</RemainingDuration>
            <ConstraintType>0</ConstraintType>
            <CalendarUID>-1</CalendarUID>
            <LevelAssignments>0</LevelAssignments>
            <LevelingCanSplit>0</LevelingCanSplit>
            <Hyperlink></Hyperlink>
            <IgnoreResourceCalendar>1</IgnoreResourceCalendar>
            <HideBar>0</HideBar>
            <Rollup>0</Rollup>
            <EarnedValueMethod>0</EarnedValueMethod>
            <PredecessorLink>
                <PredecessorUID>28</PredecessorUID>
                <Type>1</Type>
                <CrossProject>0</CrossProject>
            </PredecessorLink>
            <Active>1</Active>
            <Manual>1</Manual>
            <ManualStart>2018-02-26T08:00:00</ManualStart>
            <ManualFinish>2018-03-25T17:00:00</ManualFinish>
            <ManualDuration>PT224H0M0S</ManualDuration>
        </Task>
        <Task>
            <UID>68</UID>
            <ID>7</ID>
            <Name>tests de l'extension</Name>
            <Type>0</Type>
            <IsNull>0</IsNull>
            <WBS>3.4</WBS>
            <OutlineNumber>3.4</OutlineNumber>
            <OutlineLevel>2</OutlineLevel>
            <Priority>500</Priority>
            <Start>2018-03-26T08:00:00</Start>
            <Finish>2018-03-28T17:00:00</Finish>
            <Duration>PT24H0M0S</Duration>
            <DurationFormat>7</DurationFormat>
            <ResumeValid>0</ResumeValid>
            <EffortDriven>0</EffortDriven>
            <Recurring>0</Recurring>
            <OverAllocated>0</OverAllocated>
            <Estimated>0</Estimated>
            <Milestone>0</Milestone>
            <Summary>0</Summary>
            <Critical>1</Critical>
            <IsSubproject>0</IsSubproject>
            <IsSubprojectReadOnly>0</IsSubprojectReadOnly>
            <ExternalTask>0</ExternalTask>
            <FixedCostAccrual>3</FixedCostAccrual>
            <PercentComplete>0</PercentComplete>
            <RemainingDuration>PT24H0M0S</RemainingDuration>
            <ConstraintType>0</ConstraintType>
            <CalendarUID>-1</CalendarUID>
            <LevelAssignments>0</LevelAssignments>
            <LevelingCanSplit>0</LevelingCanSplit>
            <Hyperlink></Hyperlink>
            <IgnoreResourceCalendar>1</IgnoreResourceCalendar>
            <HideBar>0</HideBar>
            <Rollup>0</Rollup>
            <EarnedValueMethod>0</EarnedValueMethod>
            <PredecessorLink>
                <PredecessorUID>51</PredecessorUID>
                <Type>1</Type>
                <CrossProject>0</CrossProject>
            </PredecessorLink>
            <PredecessorLink>
                <PredecessorUID>54</PredecessorUID>
                <Type>1</Type>
                <CrossProject>0</CrossProject>
            </PredecessorLink>
            <Active>1</Active>
            <Manual>1</Manual>
            <ManualStart>2018-03-26T08:00:00</ManualStart>
            <ManualFinish>2018-03-28T17:00:00</ManualFinish>
            <ManualDuration>PT24H0M0S</ManualDuration>
        </Task>
        <Task>
            <UID>77</UID>
            <ID>8</ID>
            <Name>amélioration de l'extension (retour sur l'adaptation)</Name>
            <Type>0</Type>
            <IsNull>0</IsNull>
            <WBS>3.5</WBS>
            <OutlineNumber>3.5</OutlineNumber>
            <OutlineLevel>2</OutlineLevel>
            <Priority>500</Priority>
            <Start>2018-04-05T08:00:00</Start>
            <Finish>2018-04-25T17:00:00</Finish>
            <Duration>PT168H0M0S</Duration>
            <DurationFormat>7</DurationFormat>
            <ResumeValid>0</ResumeValid>
            <EffortDriven>0</EffortDriven>
            <Recurring>0</Recurring>
            <OverAllocated>0</OverAllocated>
            <Estimated>0</Estimated>
            <Milestone>0</Milestone>
            <Summary>0</Summary>
            <Critical>1</Critical>
            <IsSubproject>0</IsSubproject>
            <IsSubprojectReadOnly>0</IsSubprojectReadOnly>
            <ExternalTask>0</ExternalTask>
            <FixedCostAccrual>3</FixedCostAccrual>
            <PercentComplete>0</PercentComplete>
            <RemainingDuration>PT168H0M0S</RemainingDuration>
            <ConstraintType>0</ConstraintType>
            <CalendarUID>-1</CalendarUID>
            <LevelAssignments>0</LevelAssignments>
            <LevelingCanSplit>0</LevelingCanSplit>
            <Hyperlink></Hyperlink>
            <IgnoreResourceCalendar>1</IgnoreResourceCalendar>
            <HideBar>0</HideBar>
            <Rollup>0</Rollup>
            <EarnedValueMethod>0</EarnedValueMethod>
            <PredecessorLink>
                <PredecessorUID>193</PredecessorUID>
                <Type>1</Type>
                <CrossProject>0</CrossProject>
            </PredecessorLink>
            <Active>1</Active>
            <Manual>1</Manual>
            <ManualStart>2018-04-05T08:00:00</ManualStart>
            <ManualFinish>2018-04-25T17:00:00</ManualFinish>
            <ManualDuration>PT168H0M0S</ManualDuration>
        </Task>
        <Task>
            <UID>163</UID>
            <ID>9</ID>
            <Name>tests des améliorations</Name>
            <Type>0</Type>
            <IsNull>0</IsNull>
            <WBS>3.6</WBS>
            <OutlineNumber>3.6</OutlineNumber>
            <OutlineLevel>2</OutlineLevel>
            <Priority>500</Priority>
            <Start>2018-04-26T08:00:00</Start>
            <Finish>2018-04-28T17:00:00</Finish>
            <Duration>PT24H0M0S</Duration>
            <DurationFormat>7</DurationFormat>
            <ResumeValid>0</ResumeValid>
            <EffortDriven>0</EffortDriven>
            <Recurring>0</Recurring>
            <OverAllocated>0</OverAllocated>
            <Estimated>0</Estimated>
            <Milestone>0</Milestone>
            <Summary>0</Summary>
            <Critical>1</Critical>
            <IsSubproject>0</IsSubproject>
            <IsSubprojectReadOnly>0</IsSubprojectReadOnly>
            <ExternalTask>0</ExternalTask>
            <FixedCostAccrual>3</FixedCostAccrual>
            <PercentComplete>0</PercentComplete>
            <RemainingDuration>PT24H0M0S</RemainingDuration>
            <ConstraintType>0</ConstraintType>
            <CalendarUID>-1</CalendarUID>
            <LevelAssignments>0</LevelAssignments>
            <LevelingCanSplit>0</LevelingCanSplit>
            <Hyperlink></Hyperlink>
            <IgnoreResourceCalendar>1</IgnoreResourceCalendar>
            <HideBar>0</HideBar>
            <Rollup>0</Rollup>
            <EarnedValueMethod>0</EarnedValueMethod>
            <PredecessorLink>
                <PredecessorUID>77</PredecessorUID>
                <Type>1</Type>
                <CrossProject>0</CrossProject>
            </PredecessorLink>
            <Active>1</Active>
            <Manual>1</Manual>
            <ManualStart>2018-04-26T08:00:00</ManualStart>
            <ManualFinish>2018-04-28T17:00:00</ManualFinish>
            <ManualDuration>PT24H0M0S</ManualDuration>
        </Task>
        <Task>
            <UID>27</UID>
            <ID>10</ID>
            <Name>Modèles avec interactions</Name>
            <Type>0</Type>
            <IsNull>0</IsNull>
            <WBS>4</WBS>
            <OutlineNumber>4</OutlineNumber>
            <OutlineLevel>1</OutlineLevel>
            <Priority>500</Priority>
            <Start>2018-01-29T08:00:00</Start>
            <Finish>2018-03-28T17:00:00</Finish>
            <Duration>PT472H0M0S</Duration>
            <DurationFormat>7</DurationFormat>
            <ResumeValid>0</ResumeValid>
            <EffortDriven>0</EffortDriven>
            <Recurring>0</Recurring>
            <OverAllocated>0</OverAllocated>
            <Estimated>0</Estimated>
            <Milestone>0</Milestone>
            <Summary>1</Summary>
            <Critical>1</Critical>
            <IsSubproject>0</IsSubproject>
            <IsSubprojectReadOnly>0</IsSubprojectReadOnly>
            <ExternalTask>0</ExternalTask>
            <FixedCostAccrual>3</FixedCostAccrual>
            <PercentComplete>22</PercentComplete>
            <ActualDuration>PT103H50M24S</ActualDuration>
            <RemainingDuration>PT368H9M36S</RemainingDuration>
            <ConstraintType>0</ConstraintType>
            <CalendarUID>-1</CalendarUID>
            <LevelAssignments>0</LevelAssignments>
            <LevelingCanSplit>0</LevelingCanSplit>
            <Hyperlink></Hyperlink>
            <IgnoreResourceCalendar>1</IgnoreResourceCalendar>
            <HideBar>0</HideBar>
            <Rollup>0</Rollup>
            <EarnedValueMethod>0</EarnedValueMethod>
            <PredecessorLink>
                <PredecessorUID>25</PredecessorUID>
                <Type>1</Type>
                <CrossProject>0</CrossProject>
            </PredecessorLink>
            <Active>1</Active>
            <Manual>1</Manual>
            <ManualStart>2018-01-29T08:00:00</ManualStart>
            <ManualFinish>2018-03-28T17:00:00</ManualFinish>
            <ManualDuration>PT472H0M0S</ManualDuration>
        </Task>
        <Task>
            <UID>29</UID>
            <ID>11</ID>
            <Name>conception des simulations</Name>
            <Type>0</Type>
            <IsNull>0</IsNull>
            <WBS>4.1</WBS>
            <OutlineNumber>4.1</OutlineNumber>
            <OutlineLevel>2</OutlineLevel>
            <Priority>500</Priority>
            <Start>2018-01-29T08:00:00</Start>
            <Finish>2018-02-25T17:00:00</Finish>
            <Duration>PT224H0M0S</Duration>
            <DurationFormat>7</DurationFormat>
            <ResumeValid>0</ResumeValid>
            <EffortDriven>0</EffortDriven>
            <Recurring>0</Recurring>
            <OverAllocated>0</OverAllocated>
            <Estimated>0</Estimated>
            <Milestone>0</Milestone>
            <Summary>0</Summary>
            <Critical>1</Critical>
            <IsSubproject>0</IsSubproject>
            <IsSubprojectReadOnly>0</IsSubprojectReadOnly>
            <ExternalTask>0</ExternalTask>
            <FixedCostAccrual>3</FixedCostAccrual>
            <PercentComplete>70</PercentComplete>
            <ActualDuration>PT156H48M0S</ActualDuration>
            <RemainingDuration>PT67H11M60S</RemainingDuration>
            <ConstraintType>0</ConstraintType>
            <CalendarUID>-1</CalendarUID>
            <LevelAssignments>0</LevelAssignments>
            <LevelingCanSplit>0</LevelingCanSplit>
            <Hyperlink></Hyperlink>
            <IgnoreResourceCalendar>1</IgnoreResourceCalendar>
            <HideBar>0</HideBar>
            <Rollup>0</Rollup>
            <EarnedValueMethod>0</EarnedValueMethod>
            <Active>1</Active>
            <Manual>1</Manual>
            <ManualStart>2018-01-29T08:00:00</ManualStart>
            <ManualFinish>2018-02-25T17:00:00</ManualFinish>
            <ManualDuration>PT224H0M0S</ManualDuration>
        </Task>
        <Task>
            <UID>59</UID>
            <ID>12</ID>
            <Name>modélisation des agents</Name>
            <Type>0</Type>
            <IsNull>0</IsNull>
            <WBS>4.2</WBS>
            <OutlineNumber>4.2</OutlineNumber>
            <OutlineLevel>2</OutlineLevel>
            <Priority>500</Priority>
            <Start>2018-02-26T08:00:00</Start>
            <Finish>2018-03-25T17:00:00</Finish>
            <Duration>PT224H0M0S</Duration>
            <DurationFormat>7</DurationFormat>
            <ResumeValid>0</ResumeValid>
            <EffortDriven>0</EffortDriven>
            <Recurring>0</Recurring>
            <OverAllocated>0</OverAllocated>
            <Estimated>0</Estimated>
            <Milestone>0</Milestone>
            <Summary>0</Summary>
            <Critical>1</Critical>
            <IsSubproject>0</IsSubproject>
            <IsSubprojectReadOnly>0</IsSubprojectReadOnly>
            <ExternalTask>0</ExternalTask>
            <FixedCostAccrual>3</FixedCostAccrual>
            <PercentComplete>0</PercentComplete>
            <RemainingDuration>PT224H0M0S</RemainingDuration>
            <ConstraintType>0</ConstraintType>
            <CalendarUID>-1</CalendarUID>
            <LevelAssignments>0</LevelAssignments>
            <LevelingCanSplit>0</LevelingCanSplit>
            <Hyperlink></Hyperlink>
            <IgnoreResourceCalendar>1</IgnoreResourceCalendar>
            <HideBar>0</HideBar>
            <Rollup>0</Rollup>
            <EarnedValueMethod>0</EarnedValueMethod>
            <PredecessorLink>
                <PredecessorUID>29</PredecessorUID>
                <Type>1</Type>
                <CrossProject>0</CrossProject>
            </PredecessorLink>
            <Active>1</Active>
            <Manual>1</Manual>
            <ManualStart>2018-02-26T08:00:00</ManualStart>
            <ManualFinish>2018-03-25T17:00:00</ManualFinish>
            <ManualDuration>PT224H0M0S</ManualDuration>
        </Task>
        <Task>
            <UID>63</UID>
            <ID>13</ID>
            <Name>développement Netlogo</Name>
            <Type>0</Type>
            <IsNull>0</IsNull>
            <WBS>4.3</WBS>
            <OutlineNumber>4.3</OutlineNumber>
            <OutlineLevel>2</OutlineLevel>
            <Priority>500</Priority>
            <Start>2018-02-26T08:00:00</Start>
            <Finish>2018-03-25T17:00:00</Finish>
            <Duration>PT224H0M0S</Duration>
            <DurationFormat>7</DurationFormat>
            <ResumeValid>0</ResumeValid>
            <EffortDriven>0</EffortDriven>
            <Recurring>0</Recurring>
            <OverAllocated>0</OverAllocated>
            <Estimated>0</Estimated>
            <Milestone>0</Milestone>
            <Summary>0</Summary>
            <Critical>1</Critical>
            <IsSubproject>0</IsSubproject>
            <IsSubprojectReadOnly>0</IsSubprojectReadOnly>
            <ExternalTask>0</ExternalTask>
            <FixedCostAccrual>3</FixedCostAccrual>
            <PercentComplete>0</PercentComplete>
            <RemainingDuration>PT224H0M0S</RemainingDuration>
            <ConstraintType>0</ConstraintType>
            <CalendarUID>-1</CalendarUID>
            <LevelAssignments>0</LevelAssignments>
            <LevelingCanSplit>0</LevelingCanSplit>
            <Hyperlink></Hyperlink>
            <IgnoreResourceCalendar>1</IgnoreResourceCalendar>
            <HideBar>0</HideBar>
            <Rollup>0</Rollup>
            <EarnedValueMethod>0</EarnedValueMethod>
            <PredecessorLink>
                <PredecessorUID>29</PredecessorUID>
                <Type>1</Type>
                <CrossProject>0</CrossProject>
            </PredecessorLink>
            <Active>1</Active>
            <Manual>1</Manual>
            <ManualStart>2018-02-26T08:00:00</ManualStart>
            <ManualFinish>2018-03-25T17:00:00</ManualFinish>
            <ManualDuration>PT224H0M0S</ManualDuration>
        </Task>
        <Task>
            <UID>71</UID>
            <ID>14</ID>
            <Name>tests des simulations</Name>
            <Type>0</Type>
            <IsNull>0</IsNull>
            <WBS>4.4</WBS>
            <OutlineNumber>4.4</OutlineNumber>
            <OutlineLevel>2</OutlineLevel>
            <Priority>500</Priority>
            <Start>2018-03-26T08:00:00</Start>
            <Finish>2018-03-28T17:00:00</Finish>
            <Duration>PT24H0M0S</Duration>
            <DurationFormat>7</DurationFormat>
            <ResumeValid>0</ResumeValid>
            <EffortDriven>0</EffortDriven>
            <Recurring>0</Recurring>
            <OverAllocated>0</OverAllocated>
            <Estimated>0</Estimated>
            <Milestone>0</Milestone>
            <Summary>0</Summary>
            <Critical>1</Critical>
            <IsSubproject>0</IsSubproject>
            <IsSubprojectReadOnly>0</IsSubprojectReadOnly>
            <ExternalTask>0</ExternalTask>
            <FixedCostAccrual>3</FixedCostAccrual>
            <PercentComplete>0</PercentComplete>
            <RemainingDuration>PT24H0M0S</RemainingDuration>
            <ConstraintType>0</ConstraintType>
            <CalendarUID>-1</CalendarUID>
            <LevelAssignments>0</LevelAssignments>
            <LevelingCanSplit>0</LevelingCanSplit>
            <Hyperlink></Hyperlink>
            <IgnoreResourceCalendar>1</IgnoreResourceCalendar>
            <HideBar>0</HideBar>
            <Rollup>0</Rollup>
            <EarnedValueMethod>0</EarnedValueMethod>
            <PredecessorLink>
                <PredecessorUID>59</PredecessorUID>
                <Type>1</Type>
                <CrossProject>0</CrossProject>
            </PredecessorLink>
            <PredecessorLink>
                <PredecessorUID>63</PredecessorUID>
                <Type>1</Type>
                <CrossProject>0</CrossProject>
            </PredecessorLink>
            <Active>1</Active>
            <Manual>1</Manual>
            <ManualStart>2018-03-26T08:00:00</ManualStart>
            <ManualFinish>2018-03-28T17:00:00</ManualFinish>
            <ManualDuration>PT24H0M0S</ManualDuration>
        </Task>
        <Task>
            <UID>187</UID>
            <ID>15</ID>
            <Name>Modèles avec l'extension</Name>
            <Type>0</Type>
            <IsNull>0</IsNull>
            <WBS>5</WBS>
            <OutlineNumber>5</OutlineNumber>
            <OutlineLevel>1</OutlineLevel>
            <Priority>500</Priority>
            <Start>2018-03-29T08:00:00</Start>
            <Finish>2018-05-13T17:00:00</Finish>
            <Duration>PT368H0M0S</Duration>
            <DurationFormat>7</DurationFormat>
            <ResumeValid>0</ResumeValid>
            <EffortDriven>0</EffortDriven>
            <Recurring>0</Recurring>
            <OverAllocated>0</OverAllocated>
            <Estimated>0</Estimated>
            <Milestone>0</Milestone>
            <Summary>1</Summary>
            <Critical>1</Critical>
            <IsSubproject>0</IsSubproject>
            <IsSubprojectReadOnly>0</IsSubprojectReadOnly>
            <ExternalTask>0</ExternalTask>
            <FixedCostAccrual>3</FixedCostAccrual>
            <PercentComplete>0</PercentComplete>
            <RemainingDuration>PT368H0M0S</RemainingDuration>
            <ConstraintType>0</ConstraintType>
            <CalendarUID>-1</CalendarUID>
            <LevelAssignments>0</LevelAssignments>
            <LevelingCanSplit>0</LevelingCanSplit>
            <Hyperlink></Hyperlink>
            <IgnoreResourceCalendar>1</IgnoreResourceCalendar>
            <HideBar>0</HideBar>
            <Rollup>0</Rollup>
            <EarnedValueMethod>0</EarnedValueMethod>
            <Active>1</Active>
            <Manual>1</Manual>
            <ManualStart>2018-03-29T08:00:00</ManualStart>
            <ManualFinish>2018-05-13T17:00:00</ManualFinish>
            <ManualDuration>PT368H0M0S</ManualDuration>
        </Task>
        <Task>
            <UID>193</UID>
            <ID>16</ID>
            <Name>conception de l'adaptation</Name>
            <Type>0</Type>
            <IsNull>0</IsNull>
            <WBS>5.1</WBS>
            <OutlineNumber>5.1</OutlineNumber>
            <OutlineLevel>2</OutlineLevel>
            <Priority>500</Priority>
            <Start>2018-03-29T08:00:00</Start>
            <Finish>2018-04-04T17:00:00</Finish>
            <Duration>PT56H0M0S</Duration>
            <DurationFormat>7</DurationFormat>
            <ResumeValid>0</ResumeValid>
            <EffortDriven>0</EffortDriven>
            <Recurring>0</Recurring>
            <OverAllocated>0</OverAllocated>
            <Estimated>0</Estimated>
            <Milestone>0</Milestone>
            <Summary>0</Summary>
            <Critical>1</Critical>
            <IsSubproject>0</IsSubproject>
            <IsSubprojectReadOnly>0</IsSubprojectReadOnly>
            <ExternalTask>0</ExternalTask>
            <FixedCostAccrual>3</FixedCostAccrual>
            <PercentComplete>0</PercentComplete>
            <RemainingDuration>PT56H0M0S</RemainingDuration>
            <ConstraintType>0</ConstraintType>
            <CalendarUID>-1</CalendarUID>
            <LevelAssignments>0</LevelAssignments>
            <LevelingCanSplit>0</LevelingCanSplit>
            <Hyperlink></Hyperlink>
            <IgnoreResourceCalendar>1</IgnoreResourceCalendar>
            <HideBar>0</HideBar>
            <Rollup>0</Rollup>
            <EarnedValueMethod>0</EarnedValueMethod>
            <PredecessorLink>
                <PredecessorUID>68</PredecessorUID>
                <Type>1</Type>
                <CrossProject>0</CrossProject>
            </PredecessorLink>
            <PredecessorLink>
                <PredecessorUID>71</PredecessorUID>
                <Type>1</Type>
                <CrossProject>0</CrossProject>
            </PredecessorLink>
            <Active>1</Active>
            <Manual>1</Manual>
            <ManualStart>2018-03-29T08:00:00</ManualStart>
            <ManualFinish>2018-04-04T17:00:00</ManualFinish>
            <ManualDuration>PT56H0M0S</ManualDuration>
        </Task>
        <Task>
            <UID>188</UID>
            <ID>17</ID>
            <Name>adaptation des modèles avec l'extension</Name>
            <Type>0</Type>
            <IsNull>0</IsNull>
            <WBS>5.2</WBS>
            <OutlineNumber>5.2</OutlineNumber>
            <OutlineLevel>2</OutlineLevel>
            <Priority>500</Priority>
            <Start>2018-04-05T08:00:00</Start>
            <Finish>2018-04-28T17:00:00</Finish>
            <Duration>PT192H0M0S</Duration>
            <DurationFormat>7</DurationFormat>
            <ResumeValid>0</ResumeValid>
            <EffortDriven>0</EffortDriven>
            <Recurring>0</Recurring>
            <OverAllocated>0</OverAllocated>
            <Estimated>0</Estimated>
            <Milestone>0</Milestone>
            <Summary>0</Summary>
            <Critical>1</Critical>
            <IsSubproject>0</IsSubproject>
            <IsSubprojectReadOnly>0</IsSubprojectReadOnly>
            <ExternalTask>0</ExternalTask>
            <FixedCostAccrual>3</FixedCostAccrual>
            <PercentComplete>0</PercentComplete>
            <RemainingDuration>PT192H0M0S</RemainingDuration>
            <ConstraintType>0</ConstraintType>
            <CalendarUID>-1</CalendarUID>
            <LevelAssignments>0</LevelAssignments>
            <LevelingCanSplit>0</LevelingCanSplit>
            <Hyperlink></Hyperlink>
            <IgnoreResourceCalendar>1</IgnoreResourceCalendar>
            <HideBar>0</HideBar>
            <Rollup>0</Rollup>
            <EarnedValueMethod>0</EarnedValueMethod>
            <PredecessorLink>
                <PredecessorUID>193</PredecessorUID>
                <Type>1</Type>
                <CrossProject>0</CrossProject>
            </PredecessorLink>
            <Active>1</Active>
            <Manual>1</Manual>
            <ManualStart>2018-04-05T08:00:00</ManualStart>
            <ManualFinish>2018-04-28T17:00:00</ManualFinish>
            <ManualDuration>PT192H0M0S</ManualDuration>
        </Task>
        <Task>
            <UID>189</UID>
            <ID>18</ID>
            <Name>amélioration des modèles avec l'extension</Name>
            <Type>0</Type>
            <IsNull>0</IsNull>
            <WBS>5.3</WBS>
            <OutlineNumber>5.3</OutlineNumber>
            <OutlineLevel>2</OutlineLevel>
            <Priority>500</Priority>
            <Start>2018-04-29T08:00:00</Start>
            <Finish>2018-05-12T17:00:00</Finish>
            <Duration>PT112H0M0S</Duration>
            <DurationFormat>7</DurationFormat>
            <ResumeValid>0</ResumeValid>
            <EffortDriven>0</EffortDriven>
            <Recurring>0</Recurring>
            <OverAllocated>0</OverAllocated>
            <Estimated>0</Estimated>
            <Milestone>0</Milestone>
            <Summary>0</Summary>
            <Critical>1</Critical>
            <IsSubproject>0</IsSubproject>
            <IsSubprojectReadOnly>0</IsSubprojectReadOnly>
            <ExternalTask>0</ExternalTask>
            <FixedCostAccrual>3</FixedCostAccrual>
            <PercentComplete>0</PercentComplete>
            <RemainingDuration>PT112H0M0S</RemainingDuration>
            <ConstraintType>0</ConstraintType>
            <CalendarUID>-1</CalendarUID>
            <LevelAssignments>0</LevelAssignments>
            <LevelingCanSplit>0</LevelingCanSplit>
            <Hyperlink></Hyperlink>
            <IgnoreResourceCalendar>1</IgnoreResourceCalendar>
            <HideBar>0</HideBar>
            <Rollup>0</Rollup>
            <EarnedValueMethod>0</EarnedValueMethod>
            <PredecessorLink>
                <PredecessorUID>163</PredecessorUID>
                <Type>1</Type>
                <CrossProject>0</CrossProject>
            </PredecessorLink>
            <PredecessorLink>
                <PredecessorUID>188</PredecessorUID>
                <Type>1</Type>
                <CrossProject>0</CrossProject>
            </PredecessorLink>
            <Active>1</Active>
            <Manual>1</Manual>
            <ManualStart>2018-04-29T08:00:00</ManualStart>
            <ManualFinish>2018-05-12T17:00:00</ManualFinish>
            <ManualDuration>PT112H0M0S</ManualDuration>
        </Task>
        <Task>
            <UID>190</UID>
            <ID>19</ID>
            <Name>tests des modèles avec l'extension</Name>
            <Type>0</Type>
            <IsNull>0</IsNull>
            <WBS>5.4</WBS>
            <OutlineNumber>5.4</OutlineNumber>
            <OutlineLevel>2</OutlineLevel>
            <Priority>500</Priority>
            <Start>2018-05-13T08:00:00</Start>
            <Finish>2018-05-13T17:00:00</Finish>
            <Duration>PT8H0M0S</Duration>
            <DurationFormat>7</DurationFormat>
            <ResumeValid>0</ResumeValid>
            <EffortDriven>0</EffortDriven>
            <Recurring>0</Recurring>
            <OverAllocated>0</OverAllocated>
            <Estimated>0</Estimated>
            <Milestone>0</Milestone>
            <Summary>0</Summary>
            <Critical>1</Critical>
            <IsSubproject>0</IsSubproject>
            <IsSubprojectReadOnly>0</IsSubprojectReadOnly>
            <ExternalTask>0</ExternalTask>
            <FixedCostAccrual>3</FixedCostAccrual>
            <PercentComplete>0</PercentComplete>
            <RemainingDuration>PT8H0M0S</RemainingDuration>
            <ConstraintType>0</ConstraintType>
            <CalendarUID>-1</CalendarUID>
            <LevelAssignments>0</LevelAssignments>
            <LevelingCanSplit>0</LevelingCanSplit>
            <Hyperlink></Hyperlink>
            <IgnoreResourceCalendar>1</IgnoreResourceCalendar>
            <HideBar>0</HideBar>
            <Rollup>0</Rollup>
            <EarnedValueMethod>0</EarnedValueMethod>
            <PredecessorLink>
                <PredecessorUID>189</PredecessorUID>
                <Type>1</Type>
                <CrossProject>0</CrossProject>
            </PredecessorLink>
            <Active>1</Active>
            <Manual>1</Manual>
            <ManualStart>2018-05-13T08:00:00</ManualStart>
            <ManualFinish>2018-05-13T17:00:00</ManualFinish>
            <ManualDuration>PT8H0M0S</ManualDuration>
        </Task>
        <Task>
            <UID>130</UID>
            <ID>20</ID>
            <Name>rédaction du rapport</Name>
            <Type>0</Type>
            <IsNull>0</IsNull>
            <WBS>6</WBS>
            <OutlineNumber>6</OutlineNumber>
            <OutlineLevel>1</OutlineLevel>
            <Priority>500</Priority>
            <Start>2018-01-15T08:00:00</Start>
            <Finish>2018-05-13T17:00:00</Finish>
            <Duration>PT952H0M0S</Duration>
            <DurationFormat>7</DurationFormat>
            <ResumeValid>0</ResumeValid>
            <EffortDriven>0</EffortDriven>
            <Recurring>0</Recurring>
            <OverAllocated>0</OverAllocated>
            <Estimated>0</Estimated>
            <Milestone>0</Milestone>
            <Summary>0</Summary>
            <Critical>1</Critical>
            <IsSubproject>0</IsSubproject>
            <IsSubprojectReadOnly>0</IsSubprojectReadOnly>
            <ExternalTask>0</ExternalTask>
            <FixedCostAccrual>3</FixedCostAccrual>
            <PercentComplete>20</PercentComplete>
            <ActualDuration>PT190H24M0S</ActualDuration>
            <RemainingDuration>PT761H36M0S</RemainingDuration>
            <ConstraintType>0</ConstraintType>
            <CalendarUID>-1</CalendarUID>
            <LevelAssignments>0</LevelAssignments>
            <LevelingCanSplit>0</LevelingCanSplit>
            <Hyperlink></Hyperlink>
            <IgnoreResourceCalendar>1</IgnoreResourceCalendar>
            <HideBar>0</HideBar>
            <Rollup>0</Rollup>
            <EarnedValueMethod>0</EarnedValueMethod>
            <PredecessorLink>
                <PredecessorUID>23</PredecessorUID>
                <Type>1</Type>
                <CrossProject>0</CrossProject>
            </PredecessorLink>
            <Active>1</Active>
            <Manual>1</Manual>
            <ManualStart>2018-01-15T08:00:00</ManualStart>
            <ManualFinish>2018-05-13T17:00:00</ManualFinish>
            <ManualDuration>PT952H0M0S</ManualDuration>
        </Task>
        <Task>
            <UID>186</UID>
            <ID>21</ID>
            <Name>finalisation du rapport</Name>
            <Type>0</Type>
            <IsNull>0</IsNull>
            <WBS>7</WBS>
            <OutlineNumber>7</OutlineNumber>
            <OutlineLevel>1</OutlineLevel>
            <Priority>600</Priority>
            <Start>2018-05-19T08:00:00</Start>
            <Finish>2018-05-21T17:00:00</Finish>
            <Duration>PT24H0M0S</Duration>
            <DurationFormat>7</DurationFormat>
            <ResumeValid>0</ResumeValid>
            <EffortDriven>0</EffortDriven>
            <Recurring>0</Recurring>
            <OverAllocated>0</OverAllocated>
            <Estimated>0</Estimated>
            <Milestone>0</Milestone>
            <Summary>0</Summary>
            <Critical>1</Critical>
            <IsSubproject>0</IsSubproject>
            <IsSubprojectReadOnly>0</IsSubprojectReadOnly>
            <ExternalTask>0</ExternalTask>
            <FixedCostAccrual>3</FixedCostAccrual>
            <PercentComplete>0</PercentComplete>
            <RemainingDuration>PT24H0M0S</RemainingDuration>
            <ConstraintType>0</ConstraintType>
            <CalendarUID>-1</CalendarUID>
            <LevelAssignments>0</LevelAssignments>
            <LevelingCanSplit>0</LevelingCanSplit>
            <Hyperlink></Hyperlink>
            <IgnoreResourceCalendar>1</IgnoreResourceCalendar>
            <HideBar>0</HideBar>
            <Rollup>0</Rollup>
            <EarnedValueMethod>0</EarnedValueMethod>
            <PredecessorLink>
                <PredecessorUID>130</PredecessorUID>
                <Type>1</Type>
                <CrossProject>0</CrossProject>
            </PredecessorLink>
            <PredecessorLink>
                <PredecessorUID>190</PredecessorUID>
                <Type>1</Type>
                <CrossProject>0</CrossProject>
            </PredecessorLink>
            <Active>1</Active>
            <Manual>1</Manual>
            <ManualStart>2018-05-19T08:00:00</ManualStart>
            <ManualFinish>2018-05-21T17:00:00</ManualFinish>
            <ManualDuration>PT24H0M0S</ManualDuration>
        </Task>
        <Task>
            <UID>47</UID>
            <ID>22</ID>
            <Name>rendu</Name>
            <Type>0</Type>
            <IsNull>0</IsNull>
            <WBS>8</WBS>
            <OutlineNumber>8</OutlineNumber>
            <OutlineLevel>1</OutlineLevel>
            <Priority>500</Priority>
            <Start>2018-05-22T08:00:00</Start>
            <Finish>2018-05-22T17:00:00</Finish>
            <Duration>PT8H0M0S</Duration>
            <DurationFormat>7</DurationFormat>
            <ResumeValid>0</ResumeValid>
            <EffortDriven>0</EffortDriven>
            <Recurring>0</Recurring>
            <OverAllocated>0</OverAllocated>
            <Estimated>0</Estimated>
            <Milestone>0</Milestone>
            <Summary>0</Summary>
            <Critical>1</Critical>
            <IsSubproject>0</IsSubproject>
            <IsSubprojectReadOnly>0</IsSubprojectReadOnly>
            <ExternalTask>0</ExternalTask>
            <FixedCostAccrual>3</FixedCostAccrual>
            <PercentComplete>0</PercentComplete>
            <RemainingDuration>PT8H0M0S</RemainingDuration>
            <ConstraintType>0</ConstraintType>
            <CalendarUID>-1</CalendarUID>
            <LevelAssignments>0</LevelAssignments>
            <LevelingCanSplit>0</LevelingCanSplit>
            <Hyperlink></Hyperlink>
            <IgnoreResourceCalendar>1</IgnoreResourceCalendar>
            <HideBar>0</HideBar>
            <Rollup>0</Rollup>
            <EarnedValueMethod>0</EarnedValueMethod>
            <PredecessorLink>
                <PredecessorUID>186</PredecessorUID>
                <Type>1</Type>
                <CrossProject>0</CrossProject>
            </PredecessorLink>
            <Active>1</Active>
            <Manual>1</Manual>
            <ManualStart>2018-05-22T08:00:00</ManualStart>
            <ManualFinish>2018-05-22T17:00:00</ManualFinish>
            <ManualDuration>PT8H0M0S</ManualDuration>
        </Task>
        <Task>
            <UID>195</UID>
            <ID>23</ID>
            <Name>soutenance</Name>
            <Type>0</Type>
            <IsNull>0</IsNull>
            <WBS>9</WBS>
            <OutlineNumber>9</OutlineNumber>
            <OutlineLevel>1</OutlineLevel>
            <Priority>500</Priority>
            <Start>2018-05-28T08:00:00</Start>
            <Finish>2018-05-28T17:00:00</Finish>
            <Duration>PT8H0M0S</Duration>
            <DurationFormat>7</DurationFormat>
            <ResumeValid>0</ResumeValid>
            <EffortDriven>0</EffortDriven>
            <Recurring>0</Recurring>
            <OverAllocated>0</OverAllocated>
            <Estimated>0</Estimated>
            <Milestone>0</Milestone>
            <Summary>0</Summary>
            <Critical>1</Critical>
            <IsSubproject>0</IsSubproject>
            <IsSubprojectReadOnly>0</IsSubprojectReadOnly>
            <ExternalTask>0</ExternalTask>
            <FixedCostAccrual>3</FixedCostAccrual>
            <PercentComplete>0</PercentComplete>
            <RemainingDuration>PT8H0M0S</RemainingDuration>
            <ConstraintType>0</ConstraintType>
            <CalendarUID>-1</CalendarUID>
            <LevelAssignments>0</LevelAssignments>
            <LevelingCanSplit>0</LevelingCanSplit>
            <Hyperlink></Hyperlink>
            <IgnoreResourceCalendar>1</IgnoreResourceCalendar>
            <HideBar>0</HideBar>
            <Rollup>0</Rollup>
            <EarnedValueMethod>0</EarnedValueMethod>
            <PredecessorLink>
                <PredecessorUID>47</PredecessorUID>
                <Type>1</Type>
                <CrossProject>0</CrossProject>
            </PredecessorLink>
            <Active>1</Active>
            <Manual>1</Manual>
            <ManualStart>2018-05-28T08:00:00</ManualStart>
            <ManualFinish>2018-05-28T17:00:00</ManualFinish>
            <ManualDuration>PT8H0M0S</ManualDuration>
        </Task>
    </Tasks>
    <Resources>
        <Resource>
            <UID>5</UID>
            <ID>1</ID>
            <Name>Arnault Lemmel</Name>
            <Type>1</Type>
            <IsNull>0</IsNull>
            <EmailAddress></EmailAddress>
            <MaxUnits>1</MaxUnits>
            <PeakUnits>1</PeakUnits>
            <OverAllocated>0</OverAllocated>
            <Start>2017-12-16T08:00:00</Start>
            <Finish>2018-05-28T17:00:00</Finish>
            <CanLevel>0</CanLevel>
            <StandardRateFormat>3</StandardRateFormat>
            <OvertimeRateFormat>3</OvertimeRateFormat>
            <CalendarUID>2</CalendarUID>
            <IsGeneric>0</IsGeneric>
            <IsInactive>0</IsInactive>
            <IsEnterprise>0</IsEnterprise>
            <IsBudget>0</IsBudget>
            <AvailabilityPeriods/>
        </Resource>
        <Resource>
            <UID>6</UID>
            <ID>2</ID>
            <Name>Alexandre Louveau</Name>
            <Type>1</Type>
            <IsNull>0</IsNull>
            <EmailAddress></EmailAddress>
            <MaxUnits>1</MaxUnits>
            <PeakUnits>1</PeakUnits>
            <OverAllocated>0</OverAllocated>
            <Start>2017-12-16T08:00:00</Start>
            <Finish>2018-05-28T17:00:00</Finish>
            <CanLevel>0</CanLevel>
            <StandardRateFormat>3</StandardRateFormat>
            <OvertimeRateFormat>3</OvertimeRateFormat>
            <CalendarUID>3</CalendarUID>
            <IsGeneric>0</IsGeneric>
            <IsInactive>0</IsInactive>
            <IsEnterprise>0</IsEnterprise>
            <IsBudget>0</IsBudget>
            <AvailabilityPeriods/>
        </Resource>
        <Resource>
            <UID>7</UID>
            <ID>3</ID>
            <Name>Kiefer Roncoli</Name>
            <Type>1</Type>
            <IsNull>0</IsNull>
            <EmailAddress></EmailAddress>
            <MaxUnits>1</MaxUnits>
            <PeakUnits>1</PeakUnits>
            <OverAllocated>0</OverAllocated>
            <Start>2017-12-16T08:00:00</Start>
            <Finish>2018-05-28T17:00:00</Finish>
            <CanLevel>0</CanLevel>
            <StandardRateFormat>3</StandardRateFormat>
            <OvertimeRateFormat>3</OvertimeRateFormat>
            <CalendarUID>4</CalendarUID>
            <IsGeneric>0</IsGeneric>
            <IsInactive>0</IsInactive>
            <IsEnterprise>0</IsEnterprise>
            <IsBudget>0</IsBudget>
            <AvailabilityPeriods/>
        </Resource>
        <Resource>
            <UID>8</UID>
            <ID>4</ID>
            <Name>Joseph Stich</Name>
            <Type>1</Type>
            <IsNull>0</IsNull>
            <EmailAddress></EmailAddress>
            <MaxUnits>1</MaxUnits>
            <PeakUnits>1</PeakUnits>
            <OverAllocated>0</OverAllocated>
            <Start>2017-12-16T08:00:00</Start>
            <Finish>2018-05-28T17:00:00</Finish>
            <CanLevel>0</CanLevel>
            <StandardRateFormat>3</StandardRateFormat>
            <OvertimeRateFormat>3</OvertimeRateFormat>
            <CalendarUID>5</CalendarUID>
            <IsGeneric>0</IsGeneric>
            <IsInactive>0</IsInactive>
            <IsEnterprise>0</IsEnterprise>
            <IsBudget>0</IsBudget>
            <AvailabilityPeriods/>
        </Resource>
    </Resources>
    <Assignments>
        <Assignment>
            <UID>1</UID>
            <TaskUID>23</TaskUID>
            <ResourceUID>5</ResourceUID>
            <PercentWorkComplete>100</PercentWorkComplete>
            <ActualWork>PT56H0M0S</ActualWork>
            <Finish>2017-12-22T17:00:00</Finish>
            <HasFixedRateUnits>1</HasFixedRateUnits>
            <FixedMaterial>0</FixedMaterial>
            <Start>2017-12-16T08:00:00</Start>
            <Units>1</Units>
            <Work>PT56H0M0S</Work>
        </Assignment>
        <Assignment>
            <UID>2</UID>
            <TaskUID>23</TaskUID>
            <ResourceUID>6</ResourceUID>
            <PercentWorkComplete>100</PercentWorkComplete>
            <ActualWork>PT56H0M0S</ActualWork>
            <Finish>2017-12-22T17:00:00</Finish>
            <HasFixedRateUnits>1</HasFixedRateUnits>
            <FixedMaterial>0</FixedMaterial>
            <Start>2017-12-16T08:00:00</Start>
            <Units>1</Units>
            <Work>PT56H0M0S</Work>
        </Assignment>
        <Assignment>
            <UID>3</UID>
            <TaskUID>23</TaskUID>
            <ResourceUID>7</ResourceUID>
            <PercentWorkComplete>100</PercentWorkComplete>
            <ActualWork>PT56H0M0S</ActualWork>
            <Finish>2017-12-22T17:00:00</Finish>
            <HasFixedRateUnits>1</HasFixedRateUnits>
            <FixedMaterial>0</FixedMaterial>
            <Start>2017-12-16T08:00:00</Start>
            <Units>1</Units>
            <Work>PT56H0M0S</Work>
        </Assignment>
        <Assignment>
            <UID>4</UID>
            <TaskUID>23</TaskUID>
            <ResourceUID>8</ResourceUID>
            <PercentWorkComplete>100</PercentWorkComplete>
            <ActualWork>PT56H0M0S</ActualWork>
            <Finish>2017-12-22T17:00:00</Finish>
            <HasFixedRateUnits>1</HasFixedRateUnits>
            <FixedMaterial>0</FixedMaterial>
            <Start>2017-12-16T08:00:00</Start>
            <Units>1</Units>
            <Work>PT56H0M0S</Work>
        </Assignment>
        <Assignment>
            <UID>5</UID>
            <TaskUID>25</TaskUID>
            <ResourceUID>5</ResourceUID>
            <PercentWorkComplete>90</PercentWorkComplete>
            <ActualWork>PT100H48M0S</ActualWork>
            <Finish>2018-01-28T17:00:00</Finish>
            <HasFixedRateUnits>1</HasFixedRateUnits>
            <FixedMaterial>0</FixedMaterial>
            <RemainingWork>PT11H12M0S</RemainingWork>
            <Start>2018-01-15T08:00:00</Start>
            <Units>0.90000000000000002220446049250313080847263336181640625</Units>
            <Work>PT112H0M0S</Work>
        </Assignment>
        <Assignment>
            <UID>6</UID>
            <TaskUID>25</TaskUID>
            <ResourceUID>6</ResourceUID>
            <PercentWorkComplete>90</PercentWorkComplete>
            <ActualWork>PT100H48M0S</ActualWork>
            <Finish>2018-01-28T17:00:00</Finish>
            <HasFixedRateUnits>1</HasFixedRateUnits>
            <FixedMaterial>0</FixedMaterial>
            <RemainingWork>PT11H12M0S</RemainingWork>
            <Start>2018-01-15T08:00:00</Start>
            <Units>0.90000000000000002220446049250313080847263336181640625</Units>
            <Work>PT112H0M0S</Work>
        </Assignment>
        <Assignment>
            <UID>7</UID>
            <TaskUID>25</TaskUID>
            <ResourceUID>7</ResourceUID>
            <PercentWorkComplete>90</PercentWorkComplete>
            <ActualWork>PT100H48M0S</ActualWork>
            <Finish>2018-01-28T17:00:00</Finish>
            <HasFixedRateUnits>1</HasFixedRateUnits>
            <FixedMaterial>0</FixedMaterial>
            <RemainingWork>PT11H12M0S</RemainingWork>
            <Start>2018-01-15T08:00:00</Start>
            <Units>0.90000000000000002220446049250313080847263336181640625</Units>
            <Work>PT112H0M0S</Work>
        </Assignment>
        <Assignment>
            <UID>8</UID>
            <TaskUID>25</TaskUID>
            <ResourceUID>8</ResourceUID>
            <PercentWorkComplete>80</PercentWorkComplete>
            <ActualWork>PT89H36M0S</ActualWork>
            <Finish>2018-01-28T17:00:00</Finish>
            <HasFixedRateUnits>1</HasFixedRateUnits>
            <FixedMaterial>0</FixedMaterial>
            <RemainingWork>PT22H24M0S</RemainingWork>
            <Start>2018-01-15T08:00:00</Start>
            <Units>0.8000000000000000444089209850062616169452667236328125</Units>
            <Work>PT112H0M0S</Work>
        </Assignment>
        <Assignment>
            <UID>9</UID>
            <TaskUID>28</TaskUID>
            <ResourceUID>5</ResourceUID>
            <PercentWorkComplete>63</PercentWorkComplete>
            <ActualWork>PT141H7M12S</ActualWork>
            <Finish>2018-02-25T17:00:00</Finish>
            <HasFixedRateUnits>1</HasFixedRateUnits>
            <FixedMaterial>0</FixedMaterial>
            <RemainingWork>PT82H52M48S</RemainingWork>
            <Start>2018-01-29T08:00:00</Start>
            <Units>0.90000000000000002220446049250313080847263336181640625</Units>
            <Work>PT224H0M0S</Work>
        </Assignment>
        <Assignment>
            <UID>10</UID>
            <TaskUID>28</TaskUID>
            <ResourceUID>7</ResourceUID>
            <PercentWorkComplete>63</PercentWorkComplete>
            <ActualWork>PT141H7M12S</ActualWork>
            <Finish>2018-02-25T17:00:00</Finish>
            <HasFixedRateUnits>1</HasFixedRateUnits>
            <FixedMaterial>0</FixedMaterial>
            <RemainingWork>PT82H52M48S</RemainingWork>
            <Start>2018-01-29T08:00:00</Start>
            <Units>0.90000000000000002220446049250313080847263336181640625</Units>
            <Work>PT224H0M0S</Work>
        </Assignment>
        <Assignment>
            <UID>11</UID>
            <TaskUID>54</TaskUID>
            <ResourceUID>7</ResourceUID>
            <PercentWorkComplete>0</PercentWorkComplete>
            <Finish>2018-03-25T17:00:00</Finish>
            <HasFixedRateUnits>1</HasFixedRateUnits>
            <FixedMaterial>0</FixedMaterial>
            <RemainingWork>PT224H0M0S</RemainingWork>
            <Start>2018-02-26T08:00:00</Start>
            <Units>0.90000000000000002220446049250313080847263336181640625</Units>
            <Work>PT224H0M0S</Work>
        </Assignment>
        <Assignment>
            <UID>12</UID>
            <TaskUID>51</TaskUID>
            <ResourceUID>5</ResourceUID>
            <PercentWorkComplete>0</PercentWorkComplete>
            <Finish>2018-03-25T17:00:00</Finish>
            <HasFixedRateUnits>1</HasFixedRateUnits>
            <FixedMaterial>0</FixedMaterial>
            <RemainingWork>PT224H0M0S</RemainingWork>
            <Start>2018-02-26T08:00:00</Start>
            <Units>0.90000000000000002220446049250313080847263336181640625</Units>
            <Work>PT224H0M0S</Work>
        </Assignment>
        <Assignment>
            <UID>13</UID>
            <TaskUID>68</TaskUID>
            <ResourceUID>5</ResourceUID>
            <PercentWorkComplete>0</PercentWorkComplete>
            <Finish>2018-03-28T17:00:00</Finish>
            <HasFixedRateUnits>1</HasFixedRateUnits>
            <FixedMaterial>0</FixedMaterial>
            <RemainingWork>PT24H0M0S</RemainingWork>
            <Start>2018-03-26T08:00:00</Start>
            <Units>0.90000000000000002220446049250313080847263336181640625</Units>
            <Work>PT24H0M0S</Work>
        </Assignment>
        <Assignment>
            <UID>14</UID>
            <TaskUID>68</TaskUID>
            <ResourceUID>7</ResourceUID>
            <PercentWorkComplete>0</PercentWorkComplete>
            <Finish>2018-03-28T17:00:00</Finish>
            <HasFixedRateUnits>1</HasFixedRateUnits>
            <FixedMaterial>0</FixedMaterial>
            <RemainingWork>PT24H0M0S</RemainingWork>
            <Start>2018-03-26T08:00:00</Start>
            <Units>0.90000000000000002220446049250313080847263336181640625</Units>
            <Work>PT24H0M0S</Work>
        </Assignment>
        <Assignment>
            <UID>15</UID>
            <TaskUID>77</TaskUID>
            <ResourceUID>5</ResourceUID>
            <PercentWorkComplete>0</PercentWorkComplete>
            <Finish>2018-04-25T17:00:00</Finish>
            <HasFixedRateUnits>1</HasFixedRateUnits>
            <FixedMaterial>0</FixedMaterial>
            <RemainingWork>PT168H0M0S</RemainingWork>
            <Start>2018-04-05T08:00:00</Start>
            <Units>0.90000000000000002220446049250313080847263336181640625</Units>
            <Work>PT168H0M0S</Work>
        </Assignment>
        <Assignment>
            <UID>16</UID>
            <TaskUID>77</TaskUID>
            <ResourceUID>7</ResourceUID>
            <PercentWorkComplete>0</PercentWorkComplete>
            <Finish>2018-04-25T17:00:00</Finish>
            <HasFixedRateUnits>1</HasFixedRateUnits>
            <FixedMaterial>0</FixedMaterial>
            <RemainingWork>PT168H0M0S</RemainingWork>
            <Start>2018-04-05T08:00:00</Start>
            <Units>0.90000000000000002220446049250313080847263336181640625</Units>
            <Work>PT168H0M0S</Work>
        </Assignment>
        <Assignment>
            <UID>17</UID>
            <TaskUID>195</TaskUID>
            <ResourceUID>5</ResourceUID>
            <PercentWorkComplete>0</PercentWorkComplete>
            <Finish>2018-05-28T17:00:00</Finish>
            <HasFixedRateUnits>1</HasFixedRateUnits>
            <FixedMaterial>0</FixedMaterial>
            <RemainingWork>PT8H0M0S</RemainingWork>
            <Start>2018-05-28T08:00:00</Start>
            <Units>1</Units>
            <Work>PT8H0M0S</Work>
        </Assignment>
        <Assignment>
            <UID>18</UID>
            <TaskUID>195</TaskUID>
            <ResourceUID>6</ResourceUID>
            <PercentWorkComplete>0</PercentWorkComplete>
            <Finish>2018-05-28T17:00:00</Finish>
            <HasFixedRateUnits>1</HasFixedRateUnits>
            <FixedMaterial>0</FixedMaterial>
            <RemainingWork>PT8H0M0S</RemainingWork>
            <Start>2018-05-28T08:00:00</Start>
            <Units>1</Units>
            <Work>PT8H0M0S</Work>
        </Assignment>
        <Assignment>
            <UID>19</UID>
            <TaskUID>195</TaskUID>
            <ResourceUID>7</ResourceUID>
            <PercentWorkComplete>0</PercentWorkComplete>
            <Finish>2018-05-28T17:00:00</Finish>
            <HasFixedRateUnits>1</HasFixedRateUnits>
            <FixedMaterial>0</FixedMaterial>
            <RemainingWork>PT8H0M0S</RemainingWork>
            <Start>2018-05-28T08:00:00</Start>
            <Units>1</Units>
            <Work>PT8H0M0S</Work>
        </Assignment>
        <Assignment>
            <UID>20</UID>
            <TaskUID>195</TaskUID>
            <ResourceUID>8</ResourceUID>
            <PercentWorkComplete>0</PercentWorkComplete>
            <Finish>2018-05-28T17:00:00</Finish>
            <HasFixedRateUnits>1</HasFixedRateUnits>
            <FixedMaterial>0</FixedMaterial>
            <RemainingWork>PT8H0M0S</RemainingWork>
            <Start>2018-05-28T08:00:00</Start>
            <Units>1</Units>
            <Work>PT8H0M0S</Work>
        </Assignment>
        <Assignment>
            <UID>21</UID>
            <TaskUID>163</TaskUID>
            <ResourceUID>5</ResourceUID>
            <PercentWorkComplete>0</PercentWorkComplete>
            <Finish>2018-04-28T17:00:00</Finish>
            <HasFixedRateUnits>1</HasFixedRateUnits>
            <FixedMaterial>0</FixedMaterial>
            <RemainingWork>PT24H0M0S</RemainingWork>
            <Start>2018-04-26T08:00:00</Start>
            <Units>0.90000000000000002220446049250313080847263336181640625</Units>
            <Work>PT24H0M0S</Work>
        </Assignment>
        <Assignment>
            <UID>22</UID>
            <TaskUID>163</TaskUID>
            <ResourceUID>7</ResourceUID>
            <PercentWorkComplete>0</PercentWorkComplete>
            <Finish>2018-04-28T17:00:00</Finish>
            <HasFixedRateUnits>1</HasFixedRateUnits>
            <FixedMaterial>0</FixedMaterial>
            <RemainingWork>PT24H0M0S</RemainingWork>
            <Start>2018-04-26T08:00:00</Start>
            <Units>0.90000000000000002220446049250313080847263336181640625</Units>
            <Work>PT24H0M0S</Work>
        </Assignment>
        <Assignment>
            <UID>23</UID>
            <TaskUID>29</TaskUID>
            <ResourceUID>6</ResourceUID>
            <PercentWorkComplete>63</PercentWorkComplete>
            <ActualWork>PT141H7M12S</ActualWork>
            <Finish>2018-02-25T17:00:00</Finish>
            <HasFixedRateUnits>1</HasFixedRateUnits>
            <FixedMaterial>0</FixedMaterial>
            <RemainingWork>PT82H52M48S</RemainingWork>
            <Start>2018-01-29T08:00:00</Start>
            <Units>0.90000000000000002220446049250313080847263336181640625</Units>
            <Work>PT224H0M0S</Work>
        </Assignment>
        <Assignment>
            <UID>24</UID>
            <TaskUID>29</TaskUID>
            <ResourceUID>8</ResourceUID>
            <PercentWorkComplete>56</PercentWorkComplete>
            <ActualWork>PT125H26M24S</ActualWork>
            <Finish>2018-02-25T17:00:00</Finish>
            <HasFixedRateUnits>1</HasFixedRateUnits>
            <FixedMaterial>0</FixedMaterial>
            <RemainingWork>PT98H33M36S</RemainingWork>
            <Start>2018-01-29T08:00:00</Start>
            <Units>0.8000000000000000444089209850062616169452667236328125</Units>
            <Work>PT224H0M0S</Work>
        </Assignment>
        <Assignment>
            <UID>25</UID>
            <TaskUID>59</TaskUID>
            <ResourceUID>8</ResourceUID>
            <PercentWorkComplete>0</PercentWorkComplete>
            <Finish>2018-03-25T17:00:00</Finish>
            <HasFixedRateUnits>1</HasFixedRateUnits>
            <FixedMaterial>0</FixedMaterial>
            <RemainingWork>PT224H0M0S</RemainingWork>
            <Start>2018-02-26T08:00:00</Start>
            <Units>0.8000000000000000444089209850062616169452667236328125</Units>
            <Work>PT224H0M0S</Work>
        </Assignment>
        <Assignment>
            <UID>26</UID>
            <TaskUID>63</TaskUID>
            <ResourceUID>6</ResourceUID>
            <PercentWorkComplete>0</PercentWorkComplete>
            <Finish>2018-03-25T17:00:00</Finish>
            <HasFixedRateUnits>1</HasFixedRateUnits>
            <FixedMaterial>0</FixedMaterial>
            <RemainingWork>PT224H0M0S</RemainingWork>
            <Start>2018-02-26T08:00:00</Start>
            <Units>0.90000000000000002220446049250313080847263336181640625</Units>
            <Work>PT224H0M0S</Work>
        </Assignment>
        <Assignment>
            <UID>27</UID>
            <TaskUID>71</TaskUID>
            <ResourceUID>6</ResourceUID>
            <PercentWorkComplete>0</PercentWorkComplete>
            <Finish>2018-03-28T17:00:00</Finish>
            <HasFixedRateUnits>1</HasFixedRateUnits>
            <FixedMaterial>0</FixedMaterial>
            <RemainingWork>PT24H0M0S</RemainingWork>
            <Start>2018-03-26T08:00:00</Start>
            <Units>0.90000000000000002220446049250313080847263336181640625</Units>
            <Work>PT24H0M0S</Work>
        </Assignment>
        <Assignment>
            <UID>28</UID>
            <TaskUID>71</TaskUID>
            <ResourceUID>8</ResourceUID>
            <PercentWorkComplete>0</PercentWorkComplete>
            <Finish>2018-03-28T17:00:00</Finish>
            <HasFixedRateUnits>1</HasFixedRateUnits>
            <FixedMaterial>0</FixedMaterial>
            <RemainingWork>PT24H0M0S</RemainingWork>
            <Start>2018-03-26T08:00:00</Start>
            <Units>0.8000000000000000444089209850062616169452667236328125</Units>
            <Work>PT24H0M0S</Work>
        </Assignment>
        <Assignment>
            <UID>29</UID>
            <TaskUID>193</TaskUID>
            <ResourceUID>5</ResourceUID>
            <PercentWorkComplete>0</PercentWorkComplete>
            <Finish>2018-04-04T17:00:00</Finish>
            <HasFixedRateUnits>1</HasFixedRateUnits>
            <FixedMaterial>0</FixedMaterial>
            <RemainingWork>PT56H0M0S</RemainingWork>
            <Start>2018-03-29T08:00:00</Start>
            <Units>0.90000000000000002220446049250313080847263336181640625</Units>
            <Work>PT56H0M0S</Work>
        </Assignment>
        <Assignment>
            <UID>30</UID>
            <TaskUID>193</TaskUID>
            <ResourceUID>6</ResourceUID>
            <PercentWorkComplete>0</PercentWorkComplete>
            <Finish>2018-04-04T17:00:00</Finish>
            <HasFixedRateUnits>1</HasFixedRateUnits>
            <FixedMaterial>0</FixedMaterial>
            <RemainingWork>PT56H0M0S</RemainingWork>
            <Start>2018-03-29T08:00:00</Start>
            <Units>0.90000000000000002220446049250313080847263336181640625</Units>
            <Work>PT56H0M0S</Work>
        </Assignment>
        <Assignment>
            <UID>31</UID>
            <TaskUID>193</TaskUID>
            <ResourceUID>7</ResourceUID>
            <PercentWorkComplete>0</PercentWorkComplete>
            <Finish>2018-04-04T17:00:00</Finish>
            <HasFixedRateUnits>1</HasFixedRateUnits>
            <FixedMaterial>0</FixedMaterial>
            <RemainingWork>PT56H0M0S</RemainingWork>
            <Start>2018-03-29T08:00:00</Start>
            <Units>0.90000000000000002220446049250313080847263336181640625</Units>
            <Work>PT56H0M0S</Work>
        </Assignment>
        <Assignment>
            <UID>32</UID>
            <TaskUID>193</TaskUID>
            <ResourceUID>8</ResourceUID>
            <PercentWorkComplete>0</PercentWorkComplete>
            <Finish>2018-04-04T17:00:00</Finish>
            <HasFixedRateUnits>1</HasFixedRateUnits>
            <FixedMaterial>0</FixedMaterial>
            <RemainingWork>PT56H0M0S</RemainingWork>
            <Start>2018-03-29T08:00:00</Start>
            <Units>0.8000000000000000444089209850062616169452667236328125</Units>
            <Work>PT56H0M0S</Work>
        </Assignment>
        <Assignment>
            <UID>33</UID>
            <TaskUID>188</TaskUID>
            <ResourceUID>6</ResourceUID>
            <PercentWorkComplete>0</PercentWorkComplete>
            <Finish>2018-04-28T17:00:00</Finish>
            <HasFixedRateUnits>1</HasFixedRateUnits>
            <FixedMaterial>0</FixedMaterial>
            <RemainingWork>PT192H0M0S</RemainingWork>
            <Start>2018-04-05T08:00:00</Start>
            <Units>0.90000000000000002220446049250313080847263336181640625</Units>
            <Work>PT192H0M0S</Work>
        </Assignment>
        <Assignment>
            <UID>34</UID>
            <TaskUID>188</TaskUID>
            <ResourceUID>8</ResourceUID>
            <PercentWorkComplete>0</PercentWorkComplete>
            <Finish>2018-04-28T17:00:00</Finish>
            <HasFixedRateUnits>1</HasFixedRateUnits>
            <FixedMaterial>0</FixedMaterial>
            <RemainingWork>PT192H0M0S</RemainingWork>
            <Start>2018-04-05T08:00:00</Start>
            <Units>0.8000000000000000444089209850062616169452667236328125</Units>
            <Work>PT192H0M0S</Work>
        </Assignment>
        <Assignment>
            <UID>35</UID>
            <TaskUID>189</TaskUID>
            <ResourceUID>5</ResourceUID>
            <PercentWorkComplete>0</PercentWorkComplete>
            <Finish>2018-05-12T17:00:00</Finish>
            <HasFixedRateUnits>1</HasFixedRateUnits>
            <FixedMaterial>0</FixedMaterial>
            <RemainingWork>PT112H0M0S</RemainingWork>
            <Start>2018-04-29T08:00:00</Start>
            <Units>0.90000000000000002220446049250313080847263336181640625</Units>
            <Work>PT112H0M0S</Work>
        </Assignment>
        <Assignment>
            <UID>36</UID>
            <TaskUID>189</TaskUID>
            <ResourceUID>6</ResourceUID>
            <PercentWorkComplete>0</PercentWorkComplete>
            <Finish>2018-05-12T17:00:00</Finish>
            <HasFixedRateUnits>1</HasFixedRateUnits>
            <FixedMaterial>0</FixedMaterial>
            <RemainingWork>PT112H0M0S</RemainingWork>
            <Start>2018-04-29T08:00:00</Start>
            <Units>0.90000000000000002220446049250313080847263336181640625</Units>
            <Work>PT112H0M0S</Work>
        </Assignment>
        <Assignment>
            <UID>37</UID>
            <TaskUID>189</TaskUID>
            <ResourceUID>7</ResourceUID>
            <PercentWorkComplete>0</PercentWorkComplete>
            <Finish>2018-05-12T17:00:00</Finish>
            <HasFixedRateUnits>1</HasFixedRateUnits>
            <FixedMaterial>0</FixedMaterial>
            <RemainingWork>PT112H0M0S</RemainingWork>
            <Start>2018-04-29T08:00:00</Start>
            <Units>0.90000000000000002220446049250313080847263336181640625</Units>
            <Work>PT112H0M0S</Work>
        </Assignment>
        <Assignment>
            <UID>38</UID>
            <TaskUID>189</TaskUID>
            <ResourceUID>8</ResourceUID>
            <PercentWorkComplete>0</PercentWorkComplete>
            <Finish>2018-05-12T17:00:00</Finish>
            <HasFixedRateUnits>1</HasFixedRateUnits>
            <FixedMaterial>0</FixedMaterial>
            <RemainingWork>PT112H0M0S</RemainingWork>
            <Start>2018-04-29T08:00:00</Start>
            <Units>0.8000000000000000444089209850062616169452667236328125</Units>
            <Work>PT112H0M0S</Work>
        </Assignment>
        <Assignment>
            <UID>39</UID>
            <TaskUID>190</TaskUID>
            <ResourceUID>5</ResourceUID>
            <PercentWorkComplete>0</PercentWorkComplete>
            <Finish>2018-05-13T17:00:00</Finish>
            <HasFixedRateUnits>1</HasFixedRateUnits>
            <FixedMaterial>0</FixedMaterial>
            <RemainingWork>PT8H0M0S</RemainingWork>
            <Start>2018-05-13T08:00:00</Start>
            <Units>0.90000000000000002220446049250313080847263336181640625</Units>
            <Work>PT8H0M0S</Work>
        </Assignment>
        <Assignment>
            <UID>40</UID>
            <TaskUID>190</TaskUID>
            <ResourceUID>6</ResourceUID>
            <PercentWorkComplete>0</PercentWorkComplete>
            <Finish>2018-05-13T17:00:00</Finish>
            <HasFixedRateUnits>1</HasFixedRateUnits>
            <FixedMaterial>0</FixedMaterial>
            <RemainingWork>PT8H0M0S</RemainingWork>
            <Start>2018-05-13T08:00:00</Start>
            <Units>0.90000000000000002220446049250313080847263336181640625</Units>
            <Work>PT8H0M0S</Work>
        </Assignment>
        <Assignment>
            <UID>41</UID>
            <TaskUID>190</TaskUID>
            <ResourceUID>7</ResourceUID>
            <PercentWorkComplete>0</PercentWorkComplete>
            <Finish>2018-05-13T17:00:00</Finish>
            <HasFixedRateUnits>1</HasFixedRateUnits>
            <FixedMaterial>0</FixedMaterial>
            <RemainingWork>PT8H0M0S</RemainingWork>
            <Start>2018-05-13T08:00:00</Start>
            <Units>0.90000000000000002220446049250313080847263336181640625</Units>
            <Work>PT8H0M0S</Work>
        </Assignment>
        <Assignment>
            <UID>42</UID>
            <TaskUID>190</TaskUID>
            <ResourceUID>8</ResourceUID>
            <PercentWorkComplete>0</PercentWorkComplete>
            <Finish>2018-05-13T17:00:00</Finish>
            <HasFixedRateUnits>1</HasFixedRateUnits>
            <FixedMaterial>0</FixedMaterial>
            <RemainingWork>PT8H0M0S</RemainingWork>
            <Start>2018-05-13T08:00:00</Start>
            <Units>0.8000000000000000444089209850062616169452667236328125</Units>
            <Work>PT8H0M0S</Work>
        </Assignment>
        <Assignment>
            <UID>43</UID>
            <TaskUID>130</TaskUID>
            <ResourceUID>5</ResourceUID>
            <PercentWorkComplete>2</PercentWorkComplete>
            <ActualWork>PT19H2M24S</ActualWork>
            <Finish>2018-05-13T17:00:00</Finish>
            <HasFixedRateUnits>1</HasFixedRateUnits>
            <FixedMaterial>0</FixedMaterial>
            <RemainingWork>PT932H57M36S</RemainingWork>
            <Start>2018-01-15T08:00:00</Start>
            <Units>0.1000000000000000055511151231257827021181583404541015625</Units>
            <Work>PT952H0M0S</Work>
        </Assignment>
        <Assignment>
            <UID>44</UID>
            <TaskUID>130</TaskUID>
            <ResourceUID>6</ResourceUID>
            <PercentWorkComplete>2</PercentWorkComplete>
            <ActualWork>PT19H2M24S</ActualWork>
            <Finish>2018-05-13T17:00:00</Finish>
            <HasFixedRateUnits>1</HasFixedRateUnits>
            <FixedMaterial>0</FixedMaterial>
            <RemainingWork>PT932H57M36S</RemainingWork>
            <Start>2018-01-15T08:00:00</Start>
            <Units>0.1000000000000000055511151231257827021181583404541015625</Units>
            <Work>PT952H0M0S</Work>
        </Assignment>
        <Assignment>
            <UID>45</UID>
            <TaskUID>130</TaskUID>
            <ResourceUID>7</ResourceUID>
            <PercentWorkComplete>2</PercentWorkComplete>
            <ActualWork>PT19H2M24S</ActualWork>
            <Finish>2018-05-13T17:00:00</Finish>
            <HasFixedRateUnits>1</HasFixedRateUnits>
            <FixedMaterial>0</FixedMaterial>
            <RemainingWork>PT932H57M36S</RemainingWork>
            <Start>2018-01-15T08:00:00</Start>
            <Units>0.1000000000000000055511151231257827021181583404541015625</Units>
            <Work>PT952H0M0S</Work>
        </Assignment>
        <Assignment>
            <UID>46</UID>
            <TaskUID>130</TaskUID>
            <ResourceUID>8</ResourceUID>
            <PercentWorkComplete>4</PercentWorkComplete>
            <ActualWork>PT38H4M48S</ActualWork>
            <Finish>2018-05-13T17:00:00</Finish>
            <HasFixedRateUnits>1</HasFixedRateUnits>
            <FixedMaterial>0</FixedMaterial>
            <RemainingWork>PT913H55M12S</RemainingWork>
            <Start>2018-01-15T08:00:00</Start>
            <Units>0.200000000000000011102230246251565404236316680908203125</Units>
            <Work>PT952H0M0S</Work>
        </Assignment>
        <Assignment>
            <UID>47</UID>
            <TaskUID>186</TaskUID>
            <ResourceUID>5</ResourceUID>
            <PercentWorkComplete>0</PercentWorkComplete>
            <Finish>2018-05-21T17:00:00</Finish>
            <HasFixedRateUnits>1</HasFixedRateUnits>
            <FixedMaterial>0</FixedMaterial>
            <RemainingWork>PT24H0M0S</RemainingWork>
            <Start>2018-05-19T08:00:00</Start>
            <Units>1</Units>
            <Work>PT24H0M0S</Work>
        </Assignment>
        <Assignment>
            <UID>48</UID>
            <TaskUID>186</TaskUID>
            <ResourceUID>6</ResourceUID>
            <PercentWorkComplete>0</PercentWorkComplete>
            <Finish>2018-05-21T17:00:00</Finish>
            <HasFixedRateUnits>1</HasFixedRateUnits>
            <FixedMaterial>0</FixedMaterial>
            <RemainingWork>PT24H0M0S</RemainingWork>
            <Start>2018-05-19T08:00:00</Start>
            <Units>1</Units>
            <Work>PT24H0M0S</Work>
        </Assignment>
        <Assignment>
            <UID>49</UID>
            <TaskUID>186</TaskUID>
            <ResourceUID>7</ResourceUID>
            <PercentWorkComplete>0</PercentWorkComplete>
            <Finish>2018-05-21T17:00:00</Finish>
            <HasFixedRateUnits>1</HasFixedRateUnits>
            <FixedMaterial>0</FixedMaterial>
            <RemainingWork>PT24H0M0S</RemainingWork>
            <Start>2018-05-19T08:00:00</Start>
            <Units>1</Units>
            <Work>PT24H0M0S</Work>
        </Assignment>
        <Assignment>
            <UID>50</UID>
            <TaskUID>186</TaskUID>
            <ResourceUID>8</ResourceUID>
            <PercentWorkComplete>0</PercentWorkComplete>
            <Finish>2018-05-21T17:00:00</Finish>
            <HasFixedRateUnits>1</HasFixedRateUnits>
            <FixedMaterial>0</FixedMaterial>
            <RemainingWork>PT24H0M0S</RemainingWork>
            <Start>2018-05-19T08:00:00</Start>
            <Units>1</Units>
            <Work>PT24H0M0S</Work>
        </Assignment>
        <Assignment>
            <UID>51</UID>
            <TaskUID>26</TaskUID>
            <ResourceUID>-65535</ResourceUID>
            <PercentWorkComplete>17</PercentWorkComplete>
            <ActualWork>PT122H24M0S</ActualWork>
            <Finish>2018-04-28T17:00:00</Finish>
            <HasFixedRateUnits>1</HasFixedRateUnits>
            <FixedMaterial>0</FixedMaterial>
            <RemainingWork>PT597H36M0S</RemainingWork>
            <Start>2018-01-29T08:00:00</Start>
            <Units>1</Units>
            <Work>PT720H0M0S</Work>
        </Assignment>
        <Assignment>
            <UID>52</UID>
            <TaskUID>27</TaskUID>
            <ResourceUID>-65535</ResourceUID>
            <PercentWorkComplete>22</PercentWorkComplete>
            <ActualWork>PT103H50M24S</ActualWork>
            <Finish>2018-03-28T17:00:00</Finish>
            <HasFixedRateUnits>1</HasFixedRateUnits>
            <FixedMaterial>0</FixedMaterial>
            <RemainingWork>PT368H9M36S</RemainingWork>
            <Start>2018-01-29T08:00:00</Start>
            <Units>1</Units>
            <Work>PT472H0M0S</Work>
        </Assignment>
    </Assignments>
</Project>
